Education,Gender
Bachelors,Male
Bachelors,Male
Bachelors,Male
Bachelors,Male
Bachelors,Male
Bachelors,Male
Bachelors,Male
Bachelors,Male
Bachelors,Male
Bachelors,Male
Bachelors,Male
Bachelors,Male
Bachelors,Male
Bachelors,Male
Bachelors,Male
Bachelors,Male
Bachelors,Male
Bachelors,Male
Bachelors,Male
Bachelors,Male
Bachelors,Male
Bachelors,Male
Bachelors,Male
Bachelors,Male
Bachelors,Male
Bachelors,Male
Bachelors,Male
Bachelors,Male
Bachelors,Male
Bachelors,Male
Bachelors,Male
Bachelors,Male
Bachelors,Male
Bachelors,Male
Bachelors,Male
Bachelors,Male
Bachelors,Male
Bachelors,Male
Bachelors,Male
Bachelors,Male
Bachelors,Male
Bachelors,Male
Bachelors,Male
Bachelors,Male
Bachelors,Male
Bachelors,Male
Bachelors,Male
Bachelors,Male
Bachelors,Male
Bachelors,Male
Bachelors,Male
Bachelors,Male
Bachelors,Male
Bachelors,Male
Bachelors,Male
Bachelors,Male
Bachelors,Male
Bachelors,Male
Bachelors,Male
Bachelors,Male
Bachelors,Male
Bachelors,Male
Bachelors,Male
Bachelors,Male
Bachelors,Male
Bachelors,Male
Bachelors,Male
Bachelors,Male
Bachelors,Male
Bachelors,Male
Bachelors,Male
Bachelors,Male
Bachelors,Male
Bachelors,Male
Bachelors,Male
Bachelors,Male
Bachelors,Male
Bachelors,Male
Bachelors,Male
Bachelors,Male
Bachelors,Male
Bachelors,Male
Bachelors,Male
Bachelors,Male
Bachelors,Male
Bachelors,Male
Bachelors,Male
Bachelors,Male
Bachelors,Male
Bachelors,Male
Bachelors,Male
Bachelors,Male
Bachelors,Male
Bachelors,Male
Bachelors,Male
Bachelors,Male
Bachelors,Male
Bachelors,Male
Bachelors,Male
Bachelors,Male
Bachelors,Male
Bachelors,Male
Bachelors,Male
Bachelors,Male
Bachelors,Male
Bachelors,Male
Bachelors,Male
Bachelors,Male
Bachelors,Male
Bachelors,Male
Bachelors,Male
Bachelors,Male
Bachelors,Male
Bachelors,Male
Bachelors,Male
Bachelors,Male
Bachelors,Male
Bachelors,Male
Bachelors,Male
Bachelors,Male
Bachelors,Male
Bachelors,Male
Bachelors,Male
Bachelors,Male
Bachelors,Male
Bachelors,Male
Bachelors,Male
Bachelors,Male
Bachelors,Male
Bachelors,Male
Bachelors,Male
Bachelors,Male
Bachelors,Male
Bachelors,Male
Bachelors,Male
Bachelors,Male
Bachelors,Male
Bachelors,Male
Bachelors,Male
Bachelors,Male
Bachelors,Male
Bachelors,Male
Bachelors,Male
Bachelors,Male
Bachelors,Male
Bachelors,Male
Bachelors,Male
Bachelors,Male
Bachelors,Male
Bachelors,Male
Bachelors,Male
Bachelors,Male
Bachelors,Male
Bachelors,Male
Bachelors,Male
Bachelors,Male
Bachelors,Male
Bachelors,Male
Bachelors,Male
Bachelors,Male
Bachelors,Male
Bachelors,Male
Bachelors,Male
Bachelors,Male
Bachelors,Male
Bachelors,Male
Bachelors,Male
Bachelors,Male
Bachelors,Male
Bachelors,Male
Bachelors,Male
Bachelors,Male
Bachelors,Male
Bachelors,Male
Bachelors,Male
Bachelors,Male
Bachelors,Male
Bachelors,Male
Bachelors,Male
Bachelors,Male
Bachelors,Male
Bachelors,Male
Bachelors,Male
Bachelors,Male
Bachelors,Male
Bachelors,Male
Bachelors,Male
Bachelors,Male
Bachelors,Male
Bachelors,Male
Bachelors,Male
Bachelors,Male
Bachelors,Male
Bachelors,Male
Bachelors,Male
Bachelors,Male
Bachelors,Male
Bachelors,Male
Bachelors,Male
Bachelors,Male
Bachelors,Male
Bachelors,Male
Bachelors,Male
Bachelors,Male
Bachelors,Male
Bachelors,Male
Bachelors,Male
Bachelors,Male
Bachelors,Male
Bachelors,Male
Bachelors,Male
Bachelors,Male
Bachelors,Male
Bachelors,Male
Bachelors,Male
Bachelors,Male
Bachelors,Male
Bachelors,Male
Bachelors,Male
Bachelors,Male
Bachelors,Male
Bachelors,Male
Bachelors,Male
Bachelors,Male
Bachelors,Male
Bachelors,Male
Bachelors,Male
Bachelors,Male
Bachelors,Male
Bachelors,Male
Bachelors,Male
Bachelors,Male
Bachelors,Male
Bachelors,Male
Bachelors,Male
Bachelors,Male
Bachelors,Male
Bachelors,Male
Bachelors,Male
Bachelors,Male
Bachelors,Male
Bachelors,Male
Bachelors,Male
Bachelors,Male
Bachelors,Male
Bachelors,Male
Bachelors,Male
Bachelors,Male
Bachelors,Male
Bachelors,Male
Bachelors,Male
Bachelors,Male
Bachelors,Male
Bachelors,Male
Bachelors,Male
Bachelors,Male
Bachelors,Male
Bachelors,Male
Bachelors,Male
Bachelors,Male
Bachelors,Male
Bachelors,Male
Bachelors,Male
Bachelors,Male
Bachelors,Male
Bachelors,Male
Bachelors,Male
Bachelors,Male
Bachelors,Male
Bachelors,Male
Bachelors,Male
Bachelors,Male
Bachelors,Male
Bachelors,Male
Bachelors,Male
Bachelors,Male
Bachelors,Male
Bachelors,Male
Bachelors,Male
Bachelors,Male
Bachelors,Male
Bachelors,Male
Bachelors,Male
Bachelors,Male
Bachelors,Male
Bachelors,Male
Bachelors,Male
Bachelors,Male
Bachelors,Male
Bachelors,Male
Bachelors,Male
Bachelors,Male
Bachelors,Male
Bachelors,Male
Bachelors,Male
Bachelors,Male
Bachelors,Male
Bachelors,Male
Bachelors,Male
Bachelors,Male
Bachelors,Male
Bachelors,Male
Bachelors,Male
Bachelors,Male
Bachelors,Male
Bachelors,Male
Bachelors,Male
Bachelors,Male
Bachelors,Male
Bachelors,Male
Bachelors,Male
Bachelors,Male
Bachelors,Male
Bachelors,Male
Bachelors,Male
Bachelors,Male
Bachelors,Male
Bachelors,Male
Bachelors,Male
Bachelors,Male
Bachelors,Male
Bachelors,Male
Bachelors,Male
Bachelors,Male
Bachelors,Male
Bachelors,Male
Bachelors,Male
Bachelors,Male
Bachelors,Male
Bachelors,Male
Bachelors,Male
Bachelors,Male
Bachelors,Male
Bachelors,Male
Bachelors,Male
Bachelors,Male
Bachelors,Male
Bachelors,Male
Bachelors,Male
Bachelors,Male
Bachelors,Male
Bachelors,Male
Bachelors,Male
Bachelors,Male
Bachelors,Male
Bachelors,Male
Bachelors,Male
Bachelors,Male
Bachelors,Male
Bachelors,Male
Bachelors,Male
Bachelors,Male
Bachelors,Male
Bachelors,Male
Bachelors,Male
Bachelors,Male
Bachelors,Male
Bachelors,Male
Bachelors,Male
Bachelors,Male
Bachelors,Male
Bachelors,Male
Bachelors,Male
Bachelors,Male
Bachelors,Male
Bachelors,Male
Bachelors,Male
Bachelors,Male
Bachelors,Male
Bachelors,Male
Bachelors,Male
Bachelors,Male
Bachelors,Male
Bachelors,Male
Bachelors,Male
Bachelors,Male
Bachelors,Male
Bachelors,Male
Bachelors,Male
Bachelors,Male
Bachelors,Male
Bachelors,Male
Bachelors,Male
Bachelors,Male
Bachelors,Male
Bachelors,Male
Bachelors,Male
Bachelors,Male
Bachelors,Male
Bachelors,Male
Bachelors,Male
Bachelors,Male
Bachelors,Male
Bachelors,Male
Bachelors,Male
Bachelors,Male
Bachelors,Male
Bachelors,Male
Bachelors,Male
Bachelors,Male
Bachelors,Male
Bachelors,Male
Bachelors,Male
Bachelors,Male
Bachelors,Male
Bachelors,Male
Bachelors,Male
Bachelors,Male
Bachelors,Male
Bachelors,Male
Bachelors,Male
Bachelors,Male
Bachelors,Male
Bachelors,Male
Bachelors,Male
Bachelors,Male
Bachelors,Male
Bachelors,Male
Bachelors,Male
Bachelors,Male
Bachelors,Male
Bachelors,Male
Bachelors,Male
Bachelors,Male
Bachelors,Male
Bachelors,Male
Bachelors,Male
Bachelors,Male
Bachelors,Male
Bachelors,Male
Bachelors,Male
Bachelors,Male
Bachelors,Male
Bachelors,Male
Bachelors,Male
Bachelors,Male
Bachelors,Male
Bachelors,Male
Bachelors,Male
Bachelors,Male
Bachelors,Male
Bachelors,Male
Bachelors,Male
Bachelors,Male
Bachelors,Male
Bachelors,Male
Bachelors,Male
Bachelors,Male
Bachelors,Male
Bachelors,Male
Bachelors,Male
Bachelors,Male
Bachelors,Male
Bachelors,Male
Bachelors,Male
Bachelors,Male
Bachelors,Male
Bachelors,Male
Bachelors,Male
Bachelors,Male
Bachelors,Male
Bachelors,Male
Bachelors,Male
Bachelors,Male
Bachelors,Male
Bachelors,Male
Bachelors,Male
Bachelors,Male
Bachelors,Male
Bachelors,Male
Bachelors,Male
Bachelors,Male
Bachelors,Male
Bachelors,Male
Bachelors,Male
Bachelors,Male
Bachelors,Male
Bachelors,Male
Bachelors,Male
Bachelors,Male
Bachelors,Male
Bachelors,Male
Bachelors,Male
Bachelors,Male
Bachelors,Male
Bachelors,Male
Bachelors,Male
Bachelors,Male
Bachelors,Male
Bachelors,Male
Bachelors,Male
Bachelors,Male
Bachelors,Male
Bachelors,Male
Bachelors,Male
Bachelors,Male
Bachelors,Male
Bachelors,Male
Bachelors,Male
Bachelors,Male
Bachelors,Male
Bachelors,Male
Bachelors,Male
Bachelors,Male
Bachelors,Male
Bachelors,Male
Bachelors,Male
Bachelors,Male
Bachelors,Male
Bachelors,Male
Bachelors,Male
Bachelors,Male
Bachelors,Male
Bachelors,Male
Bachelors,Male
Bachelors,Male
Bachelors,Male
Bachelors,Male
Bachelors,Male
Bachelors,Male
Bachelors,Male
Bachelors,Male
Bachelors,Male
Bachelors,Male
Bachelors,Male
Bachelors,Male
Bachelors,Male
Bachelors,Male
Bachelors,Male
Bachelors,Male
Bachelors,Male
Bachelors,Male
Bachelors,Male
Bachelors,Male
Bachelors,Male
Bachelors,Male
Bachelors,Male
Bachelors,Male
Bachelors,Male
Bachelors,Male
Bachelors,Male
Bachelors,Male
Bachelors,Male
Bachelors,Male
Bachelors,Male
Bachelors,Male
Bachelors,Male
Bachelors,Male
Bachelors,Male
Bachelors,Male
Bachelors,Male
Bachelors,Male
Bachelors,Male
Bachelors,Male
Bachelors,Male
Bachelors,Male
Bachelors,Male
Bachelors,Male
Bachelors,Male
Bachelors,Male
Bachelors,Male
Bachelors,Male
Bachelors,Male
Bachelors,Male
Bachelors,Male
Bachelors,Male
Bachelors,Male
Bachelors,Male
Bachelors,Male
Bachelors,Male
Bachelors,Male
Bachelors,Male
Bachelors,Male
Bachelors,Male
Bachelors,Male
Bachelors,Male
Bachelors,Male
Bachelors,Male
Bachelors,Male
Bachelors,Male
Bachelors,Male
Bachelors,Male
Bachelors,Male
Bachelors,Male
Bachelors,Male
Bachelors,Male
Bachelors,Male
Bachelors,Male
Bachelors,Male
Bachelors,Male
Bachelors,Male
Bachelors,Male
Bachelors,Male
Bachelors,Male
Bachelors,Male
Bachelors,Male
Bachelors,Male
Bachelors,Male
Bachelors,Male
Bachelors,Male
Bachelors,Male
Bachelors,Male
Bachelors,Male
Bachelors,Male
Bachelors,Male
Bachelors,Male
Bachelors,Male
Bachelors,Male
Bachelors,Male
Bachelors,Male
Bachelors,Male
Bachelors,Male
Bachelors,Male
Bachelors,Male
Bachelors,Male
Bachelors,Male
Bachelors,Male
Bachelors,Male
Bachelors,Male
Bachelors,Male
Bachelors,Male
Bachelors,Male
Bachelors,Male
Bachelors,Male
Bachelors,Male
Bachelors,Male
Bachelors,Male
Bachelors,Male
Bachelors,Male
Bachelors,Male
Bachelors,Male
Bachelors,Male
Bachelors,Male
Bachelors,Male
Bachelors,Male
Bachelors,Male
Bachelors,Male
Bachelors,Male
Bachelors,Male
Bachelors,Male
Bachelors,Male
Bachelors,Male
Bachelors,Male
Bachelors,Male
Bachelors,Male
Bachelors,Male
Bachelors,Male
Bachelors,Male
Bachelors,Male
Bachelors,Male
Bachelors,Male
Bachelors,Male
Bachelors,Male
Bachelors,Male
Bachelors,Male
Bachelors,Male
Bachelors,Male
Bachelors,Male
Bachelors,Male
Bachelors,Male
Bachelors,Male
Bachelors,Male
Bachelors,Male
Bachelors,Male
Bachelors,Male
Bachelors,Male
Bachelors,Male
Bachelors,Male
Bachelors,Male
Bachelors,Male
Bachelors,Male
Bachelors,Male
Bachelors,Male
Bachelors,Male
Bachelors,Male
Bachelors,Male
Bachelors,Male
Bachelors,Male
Bachelors,Male
Bachelors,Male
Bachelors,Male
Bachelors,Male
Bachelors,Male
Bachelors,Male
Bachelors,Male
Bachelors,Male
Bachelors,Male
Bachelors,Male
Bachelors,Male
Bachelors,Male
Bachelors,Male
Bachelors,Male
Bachelors,Male
Bachelors,Male
Bachelors,Male
Bachelors,Male
Bachelors,Male
Bachelors,Male
Bachelors,Male
Bachelors,Male
Bachelors,Male
Bachelors,Male
Bachelors,Male
Bachelors,Male
Bachelors,Male
Bachelors,Male
Bachelors,Male
Bachelors,Male
Bachelors,Male
Bachelors,Male
Bachelors,Male
Bachelors,Male
Bachelors,Male
Bachelors,Male
Bachelors,Male
Bachelors,Male
Bachelors,Male
Bachelors,Male
Bachelors,Male
Bachelors,Male
Bachelors,Male
Bachelors,Male
Bachelors,Male
Bachelors,Male
Bachelors,Male
Bachelors,Male
Bachelors,Male
Bachelors,Male
Bachelors,Male
Bachelors,Male
Bachelors,Male
Bachelors,Male
Bachelors,Male
Bachelors,Male
Bachelors,Male
Bachelors,Male
Bachelors,Male
Bachelors,Male
Bachelors,Male
Bachelors,Male
Bachelors,Male
Bachelors,Male
Bachelors,Male
Bachelors,Male
Bachelors,Male
Bachelors,Male
Bachelors,Male
Bachelors,Male
Bachelors,Male
Bachelors,Male
Bachelors,Male
Bachelors,Male
Bachelors,Male
Bachelors,Male
Bachelors,Male
Bachelors,Male
Bachelors,Male
Bachelors,Male
Bachelors,Male
Bachelors,Male
Bachelors,Male
Bachelors,Male
Bachelors,Male
Bachelors,Male
Bachelors,Male
Bachelors,Male
Bachelors,Male
Bachelors,Male
Bachelors,Male
Bachelors,Male
Bachelors,Male
Bachelors,Male
Bachelors,Male
Bachelors,Male
Bachelors,Male
Bachelors,Male
Bachelors,Male
Bachelors,Male
Bachelors,Male
Bachelors,Male
Bachelors,Male
Bachelors,Male
Bachelors,Male
Bachelors,Male
Bachelors,Male
Bachelors,Male
Bachelors,Male
Bachelors,Male
Bachelors,Male
Bachelors,Male
Bachelors,Male
Bachelors,Male
Bachelors,Male
Bachelors,Male
Bachelors,Male
Bachelors,Male
Bachelors,Male
Bachelors,Male
Bachelors,Male
Bachelors,Male
Bachelors,Male
Bachelors,Male
Bachelors,Male
Bachelors,Male
Bachelors,Male
Bachelors,Male
Bachelors,Male
Bachelors,Male
Bachelors,Male
Bachelors,Male
Bachelors,Male
Bachelors,Male
Bachelors,Male
Bachelors,Male
Bachelors,Male
Bachelors,Male
Bachelors,Male
Bachelors,Male
Bachelors,Male
Bachelors,Male
Bachelors,Male
Bachelors,Male
Bachelors,Male
Bachelors,Male
Bachelors,Male
Bachelors,Male
Bachelors,Male
Bachelors,Male
Bachelors,Male
Bachelors,Male
Bachelors,Male
Bachelors,Male
Bachelors,Male
Bachelors,Male
Bachelors,Male
Bachelors,Male
Bachelors,Male
Bachelors,Male
Bachelors,Male
Bachelors,Male
Bachelors,Male
Bachelors,Male
Bachelors,Male
Bachelors,Male
Bachelors,Male
Bachelors,Male
Bachelors,Male
Bachelors,Male
Bachelors,Male
Bachelors,Male
Bachelors,Male
Bachelors,Male
Bachelors,Male
Bachelors,Male
Bachelors,Male
Bachelors,Male
Bachelors,Male
Bachelors,Male
Bachelors,Male
Bachelors,Male
Bachelors,Male
Bachelors,Male
Bachelors,Male
Bachelors,Male
Bachelors,Male
Bachelors,Male
Bachelors,Male
Bachelors,Male
Bachelors,Male
Bachelors,Male
Bachelors,Male
Bachelors,Male
Bachelors,Male
Bachelors,Male
Bachelors,Male
Bachelors,Male
Bachelors,Male
Bachelors,Male
Bachelors,Male
Bachelors,Male
Bachelors,Male
Bachelors,Male
Bachelors,Male
Bachelors,Male
Bachelors,Male
Bachelors,Male
Bachelors,Male
Bachelors,Male
Bachelors,Male
Bachelors,Male
Bachelors,Male
Bachelors,Male
Bachelors,Male
Bachelors,Male
Bachelors,Male
Bachelors,Male
Bachelors,Male
Bachelors,Male
Bachelors,Male
Bachelors,Male
Bachelors,Male
Bachelors,Male
Bachelors,Male
Bachelors,Male
Bachelors,Male
Bachelors,Male
Bachelors,Male
Bachelors,Male
Bachelors,Male
Bachelors,Male
Bachelors,Male
Bachelors,Male
Bachelors,Male
Bachelors,Male
Bachelors,Male
Bachelors,Male
Bachelors,Male
Bachelors,Male
Bachelors,Male
Bachelors,Male
Bachelors,Male
Bachelors,Male
Bachelors,Male
Bachelors,Male
Bachelors,Male
Bachelors,Male
Bachelors,Male
Bachelors,Male
Bachelors,Male
Bachelors,Male
Bachelors,Male
Bachelors,Male
Bachelors,Male
Bachelors,Male
Bachelors,Male
Bachelors,Male
Bachelors,Male
Bachelors,Male
Bachelors,Male
Bachelors,Male
Bachelors,Male
Bachelors,Male
Bachelors,Male
Bachelors,Male
Bachelors,Male
Bachelors,Male
Bachelors,Male
Bachelors,Male
Bachelors,Male
Bachelors,Male
Bachelors,Male
Bachelors,Male
Bachelors,Male
Bachelors,Male
Bachelors,Male
Bachelors,Male
Bachelors,Male
Bachelors,Male
Bachelors,Male
Bachelors,Male
Bachelors,Male
Bachelors,Male
Bachelors,Male
Bachelors,Male
Bachelors,Male
Bachelors,Male
Bachelors,Male
Bachelors,Male
Bachelors,Male
Bachelors,Male
Bachelors,Male
Bachelors,Male
Bachelors,Male
Bachelors,Male
Bachelors,Male
Bachelors,Male
Bachelors,Male
Bachelors,Male
Bachelors,Male
Bachelors,Male
Bachelors,Male
Bachelors,Male
Bachelors,Male
Bachelors,Male
Bachelors,Male
Bachelors,Male
Bachelors,Male
Bachelors,Male
Bachelors,Male
Bachelors,Male
Bachelors,Male
Bachelors,Male
Bachelors,Male
Bachelors,Male
Bachelors,Male
Bachelors,Male
Bachelors,Male
Bachelors,Male
Bachelors,Male
Bachelors,Male
Bachelors,Male
Bachelors,Male
Bachelors,Male
Bachelors,Male
Bachelors,Male
Bachelors,Male
Bachelors,Male
Bachelors,Male
Bachelors,Male
Bachelors,Male
Bachelors,Male
Bachelors,Male
Bachelors,Male
Bachelors,Male
Bachelors,Male
Bachelors,Male
Bachelors,Male
Bachelors,Male
Bachelors,Male
Bachelors,Male
Bachelors,Male
Bachelors,Male
Bachelors,Male
Bachelors,Male
Bachelors,Male
Bachelors,Male
Bachelors,Male
Bachelors,Male
Bachelors,Male
Bachelors,Male
Bachelors,Male
Bachelors,Male
Bachelors,Male
Bachelors,Male
Bachelors,Male
Bachelors,Male
Bachelors,Male
Bachelors,Male
Bachelors,Male
Bachelors,Male
Bachelors,Male
Bachelors,Male
Bachelors,Male
Bachelors,Male
Bachelors,Male
Bachelors,Male
Bachelors,Male
Bachelors,Male
Bachelors,Male
Bachelors,Male
Bachelors,Male
Bachelors,Male
Bachelors,Male
Bachelors,Male
Bachelors,Male
Bachelors,Male
Bachelors,Male
Bachelors,Male
Bachelors,Male
Bachelors,Male
Bachelors,Male
Bachelors,Male
Bachelors,Male
Bachelors,Male
Bachelors,Male
Bachelors,Male
Bachelors,Male
Bachelors,Male
Bachelors,Male
Bachelors,Male
Bachelors,Male
Bachelors,Male
Bachelors,Male
Bachelors,Male
Bachelors,Male
Bachelors,Male
Bachelors,Male
Bachelors,Male
Bachelors,Male
Bachelors,Male
Bachelors,Male
Bachelors,Male
Bachelors,Male
Bachelors,Male
Bachelors,Male
Bachelors,Male
Bachelors,Male
Bachelors,Male
Bachelors,Male
Bachelors,Male
Bachelors,Male
Bachelors,Male
Bachelors,Male
Bachelors,Male
Bachelors,Male
Bachelors,Male
Bachelors,Male
Bachelors,Male
Bachelors,Male
Bachelors,Male
Bachelors,Male
Bachelors,Male
Bachelors,Male
Bachelors,Male
Bachelors,Male
Bachelors,Male
Bachelors,Male
Bachelors,Male
Bachelors,Male
Bachelors,Male
Bachelors,Male
Bachelors,Male
Bachelors,Male
Bachelors,Male
Bachelors,Male
Bachelors,Male
Bachelors,Male
Bachelors,Male
Bachelors,Male
Bachelors,Male
Bachelors,Male
Bachelors,Male
Bachelors,Male
Bachelors,Male
Bachelors,Male
Bachelors,Male
Bachelors,Male
Bachelors,Male
Bachelors,Male
Bachelors,Male
Bachelors,Male
Bachelors,Male
Bachelors,Male
Bachelors,Male
Bachelors,Male
Bachelors,Male
Bachelors,Male
Bachelors,Male
Bachelors,Male
Bachelors,Male
Bachelors,Male
Bachelors,Male
Bachelors,Male
Bachelors,Male
Bachelors,Male
Bachelors,Male
Bachelors,Male
Bachelors,Male
Bachelors,Male
Bachelors,Male
Bachelors,Male
Bachelors,Male
Bachelors,Male
Bachelors,Male
Bachelors,Male
Bachelors,Male
Bachelors,Male
Bachelors,Male
Bachelors,Male
Bachelors,Male
Bachelors,Male
Bachelors,Male
Bachelors,Male
Bachelors,Male
Bachelors,Male
Bachelors,Male
Bachelors,Male
Bachelors,Male
Bachelors,Male
Bachelors,Male
Bachelors,Male
Bachelors,Male
Bachelors,Male
Bachelors,Male
Bachelors,Male
Bachelors,Male
Bachelors,Male
Bachelors,Male
Bachelors,Male
Bachelors,Male
Bachelors,Male
Bachelors,Male
Bachelors,Male
Bachelors,Male
Bachelors,Male
Bachelors,Male
Bachelors,Male
Bachelors,Male
Bachelors,Male
Bachelors,Male
Bachelors,Male
Bachelors,Male
Bachelors,Male
Bachelors,Male
Bachelors,Male
Bachelors,Male
Bachelors,Male
Bachelors,Male
Bachelors,Male
Bachelors,Male
Bachelors,Male
Bachelors,Male
Bachelors,Male
Bachelors,Male
Bachelors,Male
Bachelors,Male
Bachelors,Male
Bachelors,Male
Bachelors,Male
Bachelors,Male
Bachelors,Male
Bachelors,Male
Bachelors,Male
Bachelors,Male
Bachelors,Male
Bachelors,Male
Bachelors,Male
Bachelors,Male
Bachelors,Male
Bachelors,Male
Bachelors,Male
Bachelors,Male
Bachelors,Male
Bachelors,Male
Bachelors,Male
Bachelors,Male
Bachelors,Male
Bachelors,Male
Bachelors,Male
Bachelors,Male
Bachelors,Male
Bachelors,Male
Bachelors,Male
Bachelors,Male
Bachelors,Male
Bachelors,Male
Bachelors,Male
Bachelors,Male
Bachelors,Male
Bachelors,Male
Bachelors,Male
Bachelors,Male
Bachelors,Male
Bachelors,Male
Bachelors,Male
Bachelors,Male
Bachelors,Male
Bachelors,Male
Bachelors,Male
Bachelors,Male
Bachelors,Male
Bachelors,Male
Bachelors,Male
Bachelors,Male
Bachelors,Male
Bachelors,Male
Bachelors,Male
Bachelors,Male
Bachelors,Male
Bachelors,Male
Bachelors,Male
Bachelors,Male
Bachelors,Male
Bachelors,Male
Bachelors,Male
Bachelors,Male
Bachelors,Male
Bachelors,Male
Bachelors,Male
Bachelors,Male
Bachelors,Male
Bachelors,Male
Bachelors,Male
Bachelors,Male
Bachelors,Male
Bachelors,Male
Bachelors,Male
Bachelors,Male
Bachelors,Male
Bachelors,Male
Bachelors,Male
Bachelors,Male
Bachelors,Male
Bachelors,Male
Bachelors,Male
Bachelors,Male
Bachelors,Male
Bachelors,Male
Bachelors,Male
Bachelors,Male
Bachelors,Male
Bachelors,Male
Bachelors,Male
Bachelors,Male
Bachelors,Male
Bachelors,Male
Bachelors,Male
Bachelors,Male
Bachelors,Male
Bachelors,Male
Bachelors,Male
Bachelors,Male
Bachelors,Male
Bachelors,Male
Bachelors,Male
Bachelors,Male
Bachelors,Male
Bachelors,Male
Bachelors,Male
Bachelors,Male
Bachelors,Male
Bachelors,Male
Bachelors,Male
Bachelors,Male
Bachelors,Male
Bachelors,Male
Bachelors,Male
Bachelors,Male
Bachelors,Male
Bachelors,Male
Bachelors,Male
Bachelors,Male
Bachelors,Male
Bachelors,Male
Bachelors,Male
Bachelors,Male
Bachelors,Male
Bachelors,Male
Bachelors,Male
Bachelors,Male
Bachelors,Male
Bachelors,Male
Bachelors,Male
Bachelors,Male
Bachelors,Male
Bachelors,Male
Bachelors,Male
Bachelors,Male
Bachelors,Male
Bachelors,Male
Bachelors,Male
Bachelors,Male
Bachelors,Male
Bachelors,Male
Bachelors,Male
Bachelors,Male
Bachelors,Male
Bachelors,Male
Bachelors,Male
Bachelors,Male
Bachelors,Male
Bachelors,Male
Bachelors,Male
Bachelors,Male
Bachelors,Male
Bachelors,Male
Bachelors,Male
Bachelors,Male
Bachelors,Male
Bachelors,Male
Bachelors,Male
Bachelors,Male
Bachelors,Male
Bachelors,Male
Bachelors,Male
Bachelors,Male
Bachelors,Male
Bachelors,Male
Bachelors,Male
Bachelors,Male
Bachelors,Male
Bachelors,Male
Bachelors,Male
Bachelors,Male
Bachelors,Male
Bachelors,Male
Bachelors,Male
Bachelors,Male
Bachelors,Male
Bachelors,Male
Bachelors,Male
Bachelors,Male
Bachelors,Male
Bachelors,Male
Bachelors,Male
Bachelors,Male
Bachelors,Male
Bachelors,Male
Bachelors,Male
Bachelors,Male
Bachelors,Male
Bachelors,Male
Bachelors,Male
Bachelors,Male
Bachelors,Male
Bachelors,Male
Bachelors,Male
Bachelors,Male
Bachelors,Male
Bachelors,Male
Bachelors,Male
Bachelors,Male
Bachelors,Male
Bachelors,Male
Bachelors,Male
Bachelors,Male
Bachelors,Male
Bachelors,Male
Bachelors,Male
Bachelors,Male
Bachelors,Male
Bachelors,Male
Bachelors,Male
Bachelors,Male
Bachelors,Male
Bachelors,Male
Bachelors,Male
Bachelors,Male
Bachelors,Male
Bachelors,Male
Bachelors,Male
Bachelors,Male
Bachelors,Male
Bachelors,Male
Bachelors,Male
Bachelors,Male
Bachelors,Male
Bachelors,Male
Bachelors,Male
Bachelors,Male
Bachelors,Male
Bachelors,Male
Bachelors,Male
Bachelors,Male
Bachelors,Male
Bachelors,Male
Bachelors,Male
Bachelors,Male
Bachelors,Male
Bachelors,Male
Bachelors,Male
Bachelors,Male
Bachelors,Male
Bachelors,Male
Bachelors,Male
Bachelors,Male
Bachelors,Male
Bachelors,Male
Bachelors,Male
Bachelors,Male
Bachelors,Male
Bachelors,Male
Bachelors,Male
Bachelors,Male
Bachelors,Male
Bachelors,Male
Bachelors,Male
Bachelors,Male
Bachelors,Male
Bachelors,Male
Bachelors,Male
Bachelors,Male
Bachelors,Male
Bachelors,Male
Bachelors,Male
Bachelors,Male
Bachelors,Male
Bachelors,Male
Bachelors,Male
Bachelors,Male
Bachelors,Male
Bachelors,Male
Bachelors,Male
Bachelors,Male
Bachelors,Male
Bachelors,Male
Bachelors,Male
Bachelors,Male
Bachelors,Male
Bachelors,Male
Bachelors,Male
Bachelors,Male
Bachelors,Male
Bachelors,Male
Bachelors,Male
Bachelors,Male
Bachelors,Male
Bachelors,Male
Bachelors,Male
Bachelors,Male
Bachelors,Male
Bachelors,Male
Bachelors,Male
Bachelors,Male
Bachelors,Male
Bachelors,Male
Bachelors,Male
Bachelors,Male
Bachelors,Male
Bachelors,Male
Bachelors,Male
Bachelors,Male
Bachelors,Male
Bachelors,Male
Bachelors,Male
Bachelors,Male
Bachelors,Male
Bachelors,Male
Bachelors,Male
Bachelors,Male
Bachelors,Male
Bachelors,Male
Bachelors,Male
Bachelors,Male
Bachelors,Male
Bachelors,Male
Bachelors,Male
Bachelors,Male
Bachelors,Male
Bachelors,Male
Bachelors,Male
Bachelors,Male
Bachelors,Male
Bachelors,Male
Bachelors,Male
Bachelors,Male
Bachelors,Male
Bachelors,Male
Bachelors,Male
Bachelors,Male
Bachelors,Male
Bachelors,Male
Bachelors,Male
Bachelors,Male
Bachelors,Male
Bachelors,Male
Bachelors,Male
Bachelors,Male
Bachelors,Male
Bachelors,Male
Bachelors,Male
Bachelors,Male
Bachelors,Male
Bachelors,Male
Bachelors,Male
Bachelors,Male
Bachelors,Male
Bachelors,Male
Bachelors,Male
Bachelors,Male
Bachelors,Male
Bachelors,Male
Bachelors,Male
Bachelors,Male
Bachelors,Male
Bachelors,Male
Bachelors,Male
Bachelors,Male
Bachelors,Male
Bachelors,Male
Bachelors,Male
Bachelors,Male
Bachelors,Male
Bachelors,Male
Bachelors,Male
Bachelors,Male
Bachelors,Male
Bachelors,Male
Bachelors,Male
Bachelors,Male
Bachelors,Male
Bachelors,Male
Bachelors,Male
Bachelors,Male
Bachelors,Male
Bachelors,Male
Bachelors,Male
Bachelors,Male
Bachelors,Male
Bachelors,Male
Bachelors,Male
Bachelors,Male
Bachelors,Male
Bachelors,Male
Bachelors,Male
Bachelors,Male
Bachelors,Male
Bachelors,Male
Bachelors,Male
Bachelors,Male
Bachelors,Male
Bachelors,Male
Bachelors,Male
Bachelors,Male
Bachelors,Male
Bachelors,Male
Bachelors,Male
Bachelors,Male
Bachelors,Male
Bachelors,Male
Bachelors,Male
Bachelors,Male
Bachelors,Male
Bachelors,Male
Bachelors,Male
Bachelors,Male
Bachelors,Male
Bachelors,Male
Bachelors,Male
Bachelors,Male
Bachelors,Male
Bachelors,Male
Bachelors,Male
Bachelors,Male
Bachelors,Male
Bachelors,Male
Bachelors,Male
Bachelors,Male
Bachelors,Male
Bachelors,Male
Bachelors,Male
Bachelors,Male
Bachelors,Male
Bachelors,Male
Bachelors,Male
Bachelors,Male
Bachelors,Male
Bachelors,Male
Bachelors,Male
Bachelors,Male
Bachelors,Male
Bachelors,Male
Bachelors,Male
Bachelors,Male
Bachelors,Male
Bachelors,Male
Bachelors,Male
Bachelors,Male
Bachelors,Male
Bachelors,Male
Bachelors,Male
Bachelors,Male
Bachelors,Male
Bachelors,Male
Bachelors,Male
Bachelors,Male
Bachelors,Male
Bachelors,Male
Bachelors,Male
Bachelors,Male
Bachelors,Male
Bachelors,Male
Bachelors,Male
Bachelors,Male
Bachelors,Male
Bachelors,Male
Bachelors,Male
Bachelors,Male
Bachelors,Male
Bachelors,Male
Bachelors,Male
Bachelors,Male
Bachelors,Male
Bachelors,Male
Bachelors,Male
Bachelors,Male
Bachelors,Male
Bachelors,Male
Bachelors,Male
Bachelors,Male
Bachelors,Male
Bachelors,Male
Bachelors,Male
Bachelors,Male
Bachelors,Male
Bachelors,Male
Bachelors,Male
Bachelors,Male
Bachelors,Male
Bachelors,Male
Bachelors,Male
Bachelors,Male
Bachelors,Male
Bachelors,Male
Bachelors,Male
Bachelors,Male
Bachelors,Male
Bachelors,Male
Bachelors,Male
Bachelors,Male
Bachelors,Male
Bachelors,Male
Bachelors,Male
Bachelors,Male
Bachelors,Male
Bachelors,Male
Bachelors,Male
Bachelors,Male
Bachelors,Male
Bachelors,Male
Bachelors,Male
Bachelors,Male
Bachelors,Male
Bachelors,Male
Bachelors,Male
Bachelors,Male
Bachelors,Male
Bachelors,Male
Bachelors,Male
Bachelors,Male
Bachelors,Male
Bachelors,Male
Bachelors,Male
Bachelors,Male
Bachelors,Male
Bachelors,Male
Bachelors,Male
Bachelors,Male
Bachelors,Male
Bachelors,Male
Bachelors,Male
Bachelors,Male
Bachelors,Male
Bachelors,Male
Bachelors,Male
Bachelors,Male
Bachelors,Male
Bachelors,Male
Bachelors,Male
Bachelors,Male
Bachelors,Male
Bachelors,Male
Bachelors,Male
Bachelors,Male
Bachelors,Male
Bachelors,Male
Bachelors,Male
Bachelors,Male
Bachelors,Male
Bachelors,Male
Bachelors,Male
Bachelors,Male
Bachelors,Male
Bachelors,Male
Bachelors,Male
Bachelors,Male
Bachelors,Male
Bachelors,Male
Bachelors,Male
Bachelors,Male
Bachelors,Male
Bachelors,Male
Bachelors,Male
Bachelors,Male
Bachelors,Male
Bachelors,Male
Bachelors,Male
Bachelors,Male
Bachelors,Male
Bachelors,Male
Bachelors,Male
Bachelors,Male
Bachelors,Male
Bachelors,Male
Bachelors,Male
Bachelors,Male
Bachelors,Male
Bachelors,Male
Bachelors,Male
Bachelors,Male
Bachelors,Male
Bachelors,Male
Bachelors,Male
Bachelors,Male
Bachelors,Male
Bachelors,Male
Bachelors,Male
Bachelors,Male
Bachelors,Male
Bachelors,Male
Bachelors,Male
Bachelors,Male
Bachelors,Male
Bachelors,Male
Bachelors,Male
Bachelors,Male
Bachelors,Male
Bachelors,Male
Bachelors,Male
Bachelors,Male
Bachelors,Male
Bachelors,Male
Bachelors,Male
Bachelors,Male
Bachelors,Male
Bachelors,Male
Bachelors,Male
Bachelors,Male
Bachelors,Male
Bachelors,Male
Bachelors,Male
Bachelors,Male
Bachelors,Male
Bachelors,Male
Bachelors,Male
Bachelors,Male
Bachelors,Male
Bachelors,Male
Bachelors,Male
Bachelors,Male
Bachelors,Male
Bachelors,Male
Bachelors,Male
Bachelors,Male
Bachelors,Male
Bachelors,Male
Bachelors,Male
Bachelors,Male
Bachelors,Male
Bachelors,Male
Bachelors,Male
Bachelors,Male
Bachelors,Male
Bachelors,Male
Bachelors,Male
Bachelors,Male
Bachelors,Male
Bachelors,Male
Bachelors,Male
Bachelors,Male
Bachelors,Male
Bachelors,Male
Bachelors,Male
Bachelors,Male
Bachelors,Male
Bachelors,Male
Bachelors,Male
Bachelors,Male
Bachelors,Male
Bachelors,Male
Bachelors,Male
Bachelors,Male
Bachelors,Male
Bachelors,Male
Bachelors,Male
Bachelors,Male
Bachelors,Male
Bachelors,Male
Bachelors,Male
Bachelors,Male
Bachelors,Male
Bachelors,Male
Bachelors,Male
Bachelors,Male
Bachelors,Male
Bachelors,Male
Bachelors,Male
Bachelors,Male
Bachelors,Male
Bachelors,Male
Bachelors,Male
Bachelors,Male
Bachelors,Male
Bachelors,Male
Bachelors,Male
Bachelors,Male
Bachelors,Male
Bachelors,Male
Bachelors,Male
Bachelors,Male
Bachelors,Male
Bachelors,Male
Bachelors,Male
Bachelors,Male
Bachelors,Male
Bachelors,Male
Bachelors,Male
Bachelors,Male
Bachelors,Male
Bachelors,Male
Bachelors,Male
Bachelors,Male
Bachelors,Male
Bachelors,Male
Bachelors,Male
Bachelors,Male
Bachelors,Male
Bachelors,Male
Bachelors,Male
Bachelors,Male
Bachelors,Male
Bachelors,Male
Bachelors,Male
Bachelors,Male
Bachelors,Male
Bachelors,Male
Bachelors,Male
Bachelors,Male
Bachelors,Male
Bachelors,Male
Bachelors,Male
Bachelors,Male
Bachelors,Male
Bachelors,Male
Bachelors,Male
Bachelors,Male
Bachelors,Male
Bachelors,Male
Bachelors,Male
Bachelors,Male
Bachelors,Male
Bachelors,Male
Bachelors,Male
Bachelors,Male
Bachelors,Male
Bachelors,Male
Bachelors,Male
Bachelors,Male
Bachelors,Male
Bachelors,Male
Bachelors,Male
Bachelors,Male
Bachelors,Male
Bachelors,Male
Bachelors,Male
Bachelors,Male
Bachelors,Male
Bachelors,Male
Bachelors,Male
Bachelors,Male
Bachelors,Male
Bachelors,Male
Bachelors,Male
Bachelors,Male
Bachelors,Male
Bachelors,Male
Bachelors,Male
Bachelors,Male
Bachelors,Male
Bachelors,Male
Bachelors,Male
Bachelors,Male
Bachelors,Male
Bachelors,Male
Bachelors,Male
Bachelors,Male
Bachelors,Male
Bachelors,Male
Bachelors,Male
Bachelors,Male
Bachelors,Male
Bachelors,Male
Bachelors,Male
Bachelors,Male
Bachelors,Male
Bachelors,Male
Bachelors,Male
Bachelors,Male
Bachelors,Male
Bachelors,Male
Bachelors,Male
Bachelors,Male
Bachelors,Male
Bachelors,Male
Bachelors,Male
Bachelors,Male
Bachelors,Male
Bachelors,Male
Bachelors,Male
Bachelors,Male
Bachelors,Male
Bachelors,Male
Bachelors,Male
Bachelors,Male
Bachelors,Male
Bachelors,Male
Bachelors,Male
Bachelors,Male
Bachelors,Male
Bachelors,Male
Bachelors,Male
Bachelors,Male
Bachelors,Male
Bachelors,Male
Bachelors,Male
Bachelors,Male
Bachelors,Male
Bachelors,Male
Bachelors,Male
Bachelors,Male
Bachelors,Male
Bachelors,Male
Bachelors,Male
Bachelors,Male
Bachelors,Male
Bachelors,Male
Bachelors,Male
Bachelors,Male
Bachelors,Male
Bachelors,Male
Bachelors,Male
Bachelors,Male
Bachelors,Male
Bachelors,Male
Bachelors,Male
Bachelors,Male
Bachelors,Male
Bachelors,Male
Bachelors,Male
Bachelors,Male
Bachelors,Male
Bachelors,Male
Bachelors,Male
Bachelors,Male
Bachelors,Male
Bachelors,Male
Bachelors,Male
Bachelors,Male
Bachelors,Male
Bachelors,Male
Bachelors,Male
Bachelors,Male
Bachelors,Male
Bachelors,Male
Bachelors,Male
Bachelors,Male
Bachelors,Male
Bachelors,Male
Bachelors,Male
Bachelors,Male
Bachelors,Male
Bachelors,Male
Bachelors,Male
Bachelors,Male
Bachelors,Male
Bachelors,Male
Bachelors,Male
Bachelors,Male
Bachelors,Male
Bachelors,Male
Bachelors,Male
Bachelors,Male
Bachelors,Male
Bachelors,Male
Bachelors,Male
Bachelors,Male
Bachelors,Male
Bachelors,Male
Bachelors,Male
Bachelors,Male
Bachelors,Male
Bachelors,Male
Bachelors,Male
Bachelors,Male
Bachelors,Male
Bachelors,Male
Bachelors,Male
Bachelors,Male
Bachelors,Male
Bachelors,Male
Bachelors,Male
Bachelors,Male
Bachelors,Male
Bachelors,Male
Bachelors,Male
Bachelors,Male
Bachelors,Male
Bachelors,Male
Bachelors,Male
Bachelors,Male
Bachelors,Male
Bachelors,Male
Bachelors,Male
Bachelors,Male
Bachelors,Male
Bachelors,Male
Bachelors,Male
Bachelors,Male
Bachelors,Male
Bachelors,Male
Bachelors,Male
Bachelors,Male
Bachelors,Male
Bachelors,Male
Bachelors,Male
Bachelors,Male
Bachelors,Male
Bachelors,Male
Bachelors,Male
Bachelors,Male
Bachelors,Male
Bachelors,Male
Bachelors,Male
Bachelors,Male
Bachelors,Male
Bachelors,Male
Bachelors,Male
Bachelors,Male
Bachelors,Male
Bachelors,Male
Bachelors,Male
Bachelors,Male
Bachelors,Male
Bachelors,Male
Bachelors,Male
Bachelors,Male
Bachelors,Male
Bachelors,Male
Bachelors,Male
Bachelors,Male
Bachelors,Male
Bachelors,Male
Bachelors,Male
Bachelors,Male
Bachelors,Male
Bachelors,Male
Bachelors,Male
Bachelors,Male
Bachelors,Male
Bachelors,Male
Bachelors,Male
Bachelors,Male
Bachelors,Male
Bachelors,Male
Bachelors,Male
Bachelors,Male
Bachelors,Male
Bachelors,Male
Bachelors,Male
Bachelors,Male
Bachelors,Male
Bachelors,Male
Bachelors,Male
Bachelors,Male
Bachelors,Male
Bachelors,Male
Bachelors,Male
Bachelors,Male
Bachelors,Male
Bachelors,Male
Bachelors,Male
Bachelors,Male
Bachelors,Male
Bachelors,Male
Bachelors,Male
Bachelors,Male
Bachelors,Male
Bachelors,Male
Bachelors,Male
Bachelors,Male
Bachelors,Male
Bachelors,Male
Bachelors,Male
Bachelors,Male
Bachelors,Male
Bachelors,Male
Bachelors,Male
Bachelors,Male
Bachelors,Male
Bachelors,Male
Bachelors,Male
Bachelors,Male
Bachelors,Male
Bachelors,Male
Bachelors,Male
Bachelors,Male
